name,department,age,salary,experience,satisfaction
Avery 1,Engineering,,,9,3.5
Jordan 2,Design,31,55000,18,3.2
Morgan 3,Marketing,50,46000,1,3.2
Taylor 4,Operations,37,106000,1,4.1
Riley 5,Engineering,57,95000,8,3.9
Cameron 6,Design,40,42000,6,4.4
Casey 7,Marketing,44,77000,5,3.4
Jamie 8,Operations,44,55000,3,3.8
Quinn 9,Engineering,45,86000,9,4.6
Parker 10,Design,52,110000,4,4.9
Avery 11,Marketing,47,52000,18,3.6
Jordan 12,Operations,46,115000,7,4.4
Morgan 13,Engineering,25,126000,8,4.5
Taylor 14,Design,28,71000,4,3.8
Riley 15,Marketing,52,123000,12,3.3
Cameron 16,Operations,45,68000,9,4.4
Casey 17,Engineering,27,119000,6,4.1
Jamie 18,Design,38,62000,15,3.8
Quinn 19,Marketing,58,70000,11,4.7
Parker 20,Operations,,71000,2,4.6
Avery 21,Engineering,48,76000,3,3.4
Jordan 22,Design,59,82000,7,4.3
Morgan 23,Marketing,48,124000,15,3.3
Taylor 24,Operations,31,,18,4.1
Riley 25,Engineering,50,116000,13,3.7
Cameron 26,Design,31,107000,16,3.2
Casey 27,Marketing,26,56000,5,4.3
Jamie 28,Operations,50,118000,3,3.8
Quinn 29,Engineering,52,280000,9,4.9
Parker 30,Design,23,129000,4,4.4
Avery 31,Marketing,57,76000,11,3.2
Jordan 32,Operations,50,62000,15,3.0
Morgan 33,Engineering,39,106000,6,4.0
Taylor 34,Design,29,122000,10,4.7
Riley 35,Marketing,55,119000,7,3.3
Cameron 36,Operations,33,111000,17,4.8
Casey 37,Engineering,43,104000,1,3.2
Jamie 38,Design,46,81000,8,3.1
Quinn 39,Marketing,,52000,3,4.5
Parker 40,Operations,27,110000,5,3.3
Avery 41,Engineering,53,112000,6,3.5
Jordan 42,Design,50,69000,18,4.5
Morgan 43,Marketing,35,81000,13,5.0
Taylor 44,Operations,46,98000,17,3.9
Riley 45,Engineering,38,70000,3,3.7
Cameron 46,Design,58,71000,8,3.0
Casey 47,Marketing,26,,3,4.8
Jamie 48,Operations,44,51000,17,3.5
Quinn 49,Engineering,54,69000,18,3.3
Parker 50,Design,59,115000,16,3.5
Avery 51,Marketing,53,94000,7,3.2
Jordan 52,Operations,50,87000,14,3.8
Morgan 53,Engineering,26,128000,4,3.1
Taylor 54,Design,44,55000,8,3.4
Riley 55,Marketing,57,99000,5,3.8
Cameron 56,Operations,40,101000,8,4.7
Casey 57,Engineering,27,98000,18,3.2
Jamie 58,Design,,43000,3,4.9
Quinn 59,Marketing,38,63000,14,4.0
Parker 60,Operations,36,93000,2,3.3
Avery 61,Engineering,23,91000,9,4.9
Jordan 62,Design,52,78000,14,4.4
Morgan 63,Marketing,58,126000,16,3.3
Taylor 64,Operations,41,69000,2,4.2
Riley 65,Engineering,57,49000,11,3.1
Cameron 66,Design,53,106000,17,3.3
Casey 67,Marketing,55,52000,6,3.1
Jamie 68,Operations,27,128000,8,3.8
Quinn 69,Engineering,59,73000,2,4.2
Parker 70,Design,49,,17,3.6
Avery 71,Marketing,39,68000,11,3.5
Jordan 72,Operations,48,58000,10,3.9
Morgan 73,Engineering,27,43000,15,4.2
Taylor 74,Design,59,54000,3,4.1
Riley 75,Marketing,55,75000,5,4.9
Cameron 76,Operations,27,73000,12,3.6
Casey 77,Engineering,,111000,10,4.2
Jamie 78,Design,56,43000,18,3.6
Quinn 79,Marketing,29,59000,9,3.2
Parker 80,Operations,29,112000,5,3.5
Avery 81,Engineering,36,85000,7,4.4
Jordan 82,Design,39,106000,16,3.5
Morgan 83,Marketing,26,53000,14,4.7
Taylor 84,Operations,25,42000,11,4.5
Riley 85,Engineering,39,62000,15,4.1
Cameron 86,Design,50,113000,1,3.2
Casey 87,Marketing,32,111000,2,4.7
Jamie 88,Operations,58,60000,14,3.3
Quinn 89,Engineering,42,88000,2,4.8
Parker 90,Design,36,129000,8,4.3
Avery 91,Marketing,45,113000,14,4.9
Jordan 92,Operations,32,72000,6,5.0
Morgan 93,Engineering,34,,1,3.4
Taylor 94,Design,44,94000,8,3.5
Riley 95,Marketing,29,90000,2,4.7
Cameron 96,Operations,,67000,15,3.7
Casey 97,Engineering,37,70000,1,4.3
Jamie 98,Design,48,84000,9,4.7
Quinn 99,Marketing,40,86000,17,3.8
Parker 100,Operations,57,84000,1,3.2
Avery 101,Engineering,39,64000,9,3.1
Jordan 102,Design,50,86000,11,3.9
Morgan 103,Marketing,55,56000,13,4.8
Taylor 104,Operations,35,74000,2,4.4
Riley 105,Engineering,23,108000,18,4.4
Cameron 106,Design,35,88000,14,3.1
Casey 107,Marketing,44,121000,11,4.3
Jamie 108,Operations,30,80000,17,3.6
Quinn 109,Engineering,49,83000,13,4.4
Parker 110,Design,58,58000,7,3.8
Avery 111,Marketing,47,128000,6,4.2
Jordan 112,Operations,42,93000,18,4.7
Morgan 113,Engineering,42,78000,7,3.9
Taylor 114,Design,43,101000,15,3.9
Riley 115,Marketing,,107000,16,4.6
Cameron 116,Operations,33,,3,3.6
Casey 117,Engineering,44,53000,8,4.3
Jamie 118,Design,37,67000,5,3.0
Quinn 119,Marketing,38,102000,3,3.9
Parker 120,Operations,59,66000,13,4.0
Cameron 6,Design,40,42000,6,4.4
Morgan 13,Engineering,25,126000,8,4.5
Avery 21,Engineering,48,76000,3,3.4
